mean_fit_time,std_fit_time,mean_score_time,std_score_time,param_subsample,param_reg_lambda,param_reg_alpha,param_min_child_weight,param_max_depth,param_learning_rate,param_gamma,param_colsample_bytree,params,split0_test_score,split1_test_score,split2_test_score,mean_test_score,std_test_score,rank_test_score
31.412877241770428,0.2677993423478578,1.560378869374593,0.047493828318598594,0.8,5.0,0.0,6,7,0.1,0.05,0.7,"{'subsample': 0.8, 'reg_lambda': 5.0, 'reg_alpha': 0.0, 'min_child_weight': 6, 'max_depth': 7, 'learning_rate': 0.1, 'gamma': 0.05, 'colsample_bytree': 0.7}",0.7216466460923147,0.7200440372754425,0.7215348571249279,0.7210751801642283,0.0007305550109916707,1
32.51408576965332,0.15997159014999315,1.5667646725972493,0.05889190210590733,0.9,1.0,0.4,6,7,0.08,0.05,0.9,"{'subsample': 0.9, 'reg_lambda': 1.0, 'reg_alpha': 0.4, 'min_child_weight': 6, 'max_depth': 7, 'learning_rate': 0.08, 'gamma': 0.05, 'colsample_bytree': 0.9}",0.7210530864819275,0.7213817200109386,0.7175102516373064,0.7199816860433907,0.001752710475574122,2
26.501797596613567,0.737828869133872,1.2453594207763672,0.05040000934875817,0.7,2.0,0.0,8,6,0.1,0.1,0.8,"{'subsample': 0.7, 'reg_lambda': 2.0, 'reg_alpha': 0.0, 'min_child_weight': 8, 'max_depth': 6, 'learning_rate': 0.1, 'gamma': 0.1, 'colsample_bytree': 0.8}",0.7094042194992504,0.7053863385758569,0.7091067416496569,0.7079657665749214,0.001827969706079796,3
